timestamp,action,task_id,task_name,user,params_summary,result
2026-02-06T05:56:19.221Z,legion_init,,,Claude,,success
2026-02-06T05:56:30.769Z,legion_create_task,,,Claude,"goal: Add a Norang-style orgmode workflow for Neovim with custom agenda views, punch in/out continuous clocking, and supporting docs/PR body.",failed
2026-02-06T05:56:43.733Z,legion_propose_task,,,Claude,name: nvim-orgmode-norang-workflow,success
2026-02-06T05:56:47.729Z,legion_approve_proposal,nvim-orgmode-norang-workflow,nvim-orgmode-norang-workflow,Claude,proposalId: proposal-mlah377y-a8b914,success
2026-02-06T05:56:57.878Z,legion_get_status,nvim-orgmode-norang-workflow,nvim-orgmode-norang-workflow,Claude,,success
2026-02-06T05:57:33.770Z,legion_update_tasks,nvim-orgmode-norang-workflow,nvim-orgmode-norang-workflow,Claude,completeTask: phase 1,success
2026-02-06T05:57:38.537Z,legion_update_context,nvim-orgmode-norang-workflow,nvim-orgmode-norang-workflow,Claude,addDecision: Risk level set to Low for orgmode workflow changes.,success
2026-02-06T05:57:50.665Z,legion_update_context,nvim-orgmode-norang-workflow,nvim-orgmode-norang-workflow,Claude,addDecision: Implement punch in/out via explicit Lua wrapper commands instead of hook-based clock-out automation.,success
2026-02-06T05:57:53.480Z,legion_update_tasks,nvim-orgmode-norang-workflow,nvim-orgmode-norang-workflow,Claude,completeTask: phase 1,success
2026-02-06T06:00:04.677Z,legion_update_context,nvim-orgmode-norang-workflow,nvim-orgmode-norang-workflow,Claude,addDecision: Expose default Organization task ID via vim.g.org_organization_task_id.,success
2026-02-06T06:00:07.929Z,legion_update_context,nvim-orgmode-norang-workflow,nvim-orgmode-norang-workflow,Claude,addFile: lua/org_punch.lua,success
2026-02-06T06:00:10.992Z,legion_update_context,nvim-orgmode-norang-workflow,nvim-orgmode-norang-workflow,Claude,addFile: docs/orgmode-norang-workflow.md,success
2026-02-06T06:00:14.751Z,legion_update_tasks,nvim-orgmode-norang-workflow,nvim-orgmode-norang-workflow,Claude,completeTask: phase 2,success
2026-02-06T06:00:14.768Z,legion_update_tasks,nvim-orgmode-norang-workflow,nvim-orgmode-norang-workflow,Claude,completeTask: phase 2,success
2026-02-06T06:00:14.793Z,legion_update_tasks,nvim-orgmode-norang-workflow,nvim-orgmode-norang-workflow,Claude,completeTask: phase 2,success
2026-02-06T06:02:21.650Z,legion_update_tasks,nvim-orgmode-norang-workflow,nvim-orgmode-norang-workflow,Claude,completeTask: phase 3,success
2026-02-06T06:02:24.575Z,legion_update_tasks,nvim-orgmode-norang-workflow,nvim-orgmode-norang-workflow,Claude,completeTask: phase 3,success
2026-02-06T06:02:29.678Z,legion_update_context,nvim-orgmode-norang-workflow,nvim-orgmode-norang-workflow,Claude,addFile: .legion/tasks/nvim-orgmode-norang-workflow/docs/test-report.md,success
2026-02-06T06:02:32.824Z,legion_update_context,nvim-orgmode-norang-workflow,nvim-orgmode-norang-workflow,Claude,addFile: .legion/tasks/nvim-orgmode-norang-workflow/docs/review-code.md,success
2026-02-06T06:03:09.149Z,legion_update_tasks,nvim-orgmode-norang-workflow,nvim-orgmode-norang-workflow,Claude,completeTask: phase 4,success
2026-02-06T06:03:12.454Z,legion_update_context,nvim-orgmode-norang-workflow,nvim-orgmode-norang-workflow,Claude,addFile: .legion/tasks/nvim-orgmode-norang-workflow/docs/report-walkthrough.md,success
2026-02-06T06:03:16.534Z,legion_update_context,nvim-orgmode-norang-workflow,nvim-orgmode-norang-workflow,Claude,addFile: .legion/tasks/nvim-orgmode-norang-workflow/docs/pr-body.md,success
2026-02-06T08:15:07.708Z,legion_get_status,nvim-orgmode-norang-workflow,nvim-orgmode-norang-workflow,Claude,,success
2026-02-06T08:15:40.773Z,legion_update_context,nvim-orgmode-norang-workflow,nvim-orgmode-norang-workflow,Claude,addDecision: Keep a single canonical usage doc at docs/orgmode-norang-workflow.md.,success
2026-02-07T14:11:55.472Z,legion_list_tasks,nvim-orgmode-norang-workflow,nvim-orgmode-norang-workflow,Claude,,success
2026-02-07T14:11:55.476Z,legion_get_status,nvim-orgmode-norang-workflow,nvim-orgmode-norang-workflow,Claude,,success
2026-02-07T14:11:55.476Z,legion_list_reviews,nvim-orgmode-norang-workflow,nvim-orgmode-norang-workflow,Claude,"status: open, type: all",success
2026-02-07T14:12:15.060Z,legion_create_task,nvim-orgmode-norang-workflow,nvim-orgmode-norang-workflow,Claude,goal: 在现有 nvim-orgmode 配置基础上新增 org_norang 插件，补齐 Norang 工作流中项目识别、卡住项目识别、归档候选与 block agenda 自动化能力。,failed
2026-02-07T14:12:26.338Z,legion_propose_task,nvim-orgmode-norang-workflow,nvim-orgmode-norang-workflow,Claude,name: nvim-orgmode-norang-plugin,success
2026-02-07T14:12:30.422Z,legion_approve_proposal,nvim-orgmode-norang-plugin,nvim-orgmode-norang-plugin,Claude,proposalId: proposal-mlce8jfh-2fae3d,success
2026-02-07T14:12:33.361Z,legion_switch_task,nvim-orgmode-norang-plugin,nvim-orgmode-norang-plugin,Claude,taskId: nvim-orgmode-norang-plugin,success
2026-02-07T14:13:01.428Z,legion_update_tasks,nvim-orgmode-norang-plugin,nvim-orgmode-norang-plugin,Claude,completeTask: 梳理当前 orgmode/punch 配置与 suggestion 差异，形成约束与风险清单,success
2026-02-07T14:13:03.767Z,legion_update_tasks,nvim-orgmode-norang-plugin,nvim-orgmode-norang-plugin,Claude,setCurrentTask: 产出 RFC 初稿（架构、规则、接口、迁移与验证）,success
2026-02-07T14:13:10.172Z,legion_update_context,nvim-orgmode-norang-plugin,nvim-orgmode-norang-plugin,Claude,addDecision: RFC 固定写入 .legion/tasks/nvim-orgmode-norang-plugin/docs/rfc.md，并要求所有设计/审查产物均落在该 Task 的 docs 或 reports 目录。,success
2026-02-07T14:13:15.437Z,legion_update_context,nvim-orgmode-norang-plugin,nvim-orgmode-norang-plugin,Claude,addFile: .legion/tasks/nvim-orgmode-norang-plugin/docs/rfc.md,success
2026-02-07T14:13:18.304Z,legion_list_reviews,nvim-orgmode-norang-plugin,nvim-orgmode-norang-plugin,Claude,"status: open, type: all",success
2026-02-07T14:22:19.426Z,legion_update_context,nvim-orgmode-norang-plugin,nvim-orgmode-norang-plugin,Claude,addDecision: 当前 RFC 审查结论定为 PASS-WITH-CHANGES，不进入实现阶段，先闭合唯一剩余收敛点。,success
2026-02-07T14:22:22.268Z,legion_update_tasks,nvim-orgmode-norang-plugin,nvim-orgmode-norang-plugin,Claude,setCurrentTask: 按复审意见迭代 RFC 至收敛,success
2026-02-07T14:25:15.066Z,legion_list_reviews,nvim-orgmode-norang-plugin,nvim-orgmode-norang-plugin,Claude,"status: open, type: all",success
2026-02-07T14:25:20.245Z,legion_update_plan,nvim-orgmode-norang-plugin,nvim-orgmode-norang-plugin,Claude,,success
2026-02-07T14:25:25.160Z,legion_update_context,nvim-orgmode-norang-plugin,nvim-orgmode-norang-plugin,Claude,handoff: 请用户确认 RFC 设计（.legion/tasks/nvim-orgmode-norang-plugin/docs/rfc.md）与复审结论（.legion/tasks/nvim-orgmode-norang-plugin/docs/rfc-review.md）。,success
